title,author
The Silent Forest,John Carter
Broken Horizons,Emily Stone
Echoes of Time,Michael Reed
Crimson River,Sarah Walker
Whispers in the Dark,Daniel Brooks
Golden Skies,Olivia Turner
The Last Kingdom,James Cooper
Forgotten Dreams,Emma Scott
Shadow Hunter,William Harris
Beyond the Stars,Sophia Green
The Empty Throne,Alexander White
Fading Memories,Charlotte Hall
Storm of Fire,Matthew Young
Hidden Truths,Abigail King
Winter's Edge,Christopher Adams
Lost in Silence,Mia Baker
The Iron Path,David Nelson
Midnight Secrets,Evelyn Hill
The Blue Lantern,Joseph Mitchell
Shattered Wings,Grace Carter
The Final Journey,Andrew Perez
Silver Moon,Harper Roberts
Tides of Destiny,Samuel Phillips
The Burning Crown,Lily Evans
Silent Echoes,Benjamin Collins
Dark Waters,Zoe Stewart
The Fallen Empire,Henry Morris
Fields of Gold,Scarlett Rogers
The Crystal Cave,Jack Cook
Distant Thunder,Victoria Morgan
The Hidden Valley,Leo Bell
A Tale of Ashes,Hannah Murphy
Frozen Dawn,Isaac Bailey
The Velvet Rose,Nora Rivera
Broken Chains,Gabriel Cooper
The Secret Island,Ella Richardson
Winds of Change,Julian Cox
The Lost Warrior,Aurora Howard
City of Shadows,Lincoln Ward
The Endless Road,Penelope Torres
Flames of Hope,Anthony Peterson
The Midnight Hour,Stella Gray
A Kingdom Apart,Nathan Ramirez
The Ocean Between,Lucy James
Rise of Legends,Caleb Watson
The Forgotten Path,Aria Bennett
Moonlight Dreams,Thomas Price
The Final Secret,Chloe Hughes
The Scarlet Blade,Ethan Flores
Voices of Eternity,Layla Sanders